{"loss": [3.4756076335906982, 1.7677701711654663, 1.5555206537246704, 1.4603170156478882, 1.3273873329162598, 1.2070703506469727, 1.071475863456726, 1.0430861711502075, 0.9904858469963074, 0.993988573551178, 0.940822958946228, 0.8724369406700134, 0.8514166474342346, 0.9095219969749451, 0.7993932366371155, 0.8541890978813171, 0.7546889781951904, 0.7872236371040344, 0.8889554738998413, 0.729722797870636, 0.7360855340957642, 0.6983208060264587, 0.7951821088790894, 0.6930565237998962, 0.694644033908844, 0.6820542812347412, 0.6896564960479736, 0.6294457912445068, 0.6092694997787476, 0.7794145941734314, 0.6956498622894287, 0.5922683477401733, 0.5947052836418152, 0.6058765053749084, 0.5957411527633667, 0.5367839336395264, 0.5907001495361328, 0.5654488205909729, 0.5673332214355469, 0.561318039894104, 0.5195493102073669, 0.5342906713485718, 0.5049420595169067, 0.5037673711776733, 0.5317888259887695, 0.516781210899353, 0.5539692640304565, 0.5121567845344543, 0.47098061442375183, 0.462220698595047, 0.5071461200714111, 0.463186115026474, 0.50139319896698, 0.45239123702049255, 0.47195836901664734, 0.4556747376918793, 0.4009450674057007, 0.5924458503723145, 0.5364325046539307, 0.4764411747455597, 0.48003992438316345, 0.4163224995136261, 0.3803398311138153, 0.43822047114372253, 0.43349194526672363, 0.38230353593826294, 0.4000481367111206, 0.4389837384223938, 0.4485807418823242, 0.39295172691345215, 0.4062196612358093, 0.3989703953266144, 0.40210244059562683, 0.3885519802570343, 0.3569573163986206, 0.3683207929134369, 0.3794974088668823, 0.36254391074180603, 0.40981727838516235, 0.3329586386680603, 0.33008888363838196, 0.4050966203212738, 0.33156487345695496, 0.3646145164966583, 0.337868869304657, 0.33937007188796997, 0.3180578052997589, 0.32215625047683716, 0.35463041067123413, 0.33416667580604553, 0.34230735898017883, 0.3146383464336395, 0.3236760199069977, 0.30357688665390015, 0.2968654930591583, 0.3289848268032074, 0.3089497983455658, 0.43326878547668457, 0.3456111252307892, 0.32518503069877625, 0.3151029944419861, 0.26347434520721436, 0.3503299653530121, 0.2568119168281555, 0.27019286155700684, 0.28148171305656433, 0.23399975895881653, 0.2793065905570984, 0.32425326108932495, 0.2674330770969391, 0.2870454490184784, 0.28429287672042847, 0.2288423329591751, 0.2315758317708969, 0.24412186443805695, 0.2954747676849365, 0.2753540873527527, 0.22731196880340576, 0.23686455190181732, 0.2700280547142029, 0.23673437535762787, 0.2306959629058838, 0.24980378150939941], "acc": [0.21821822226047516, 0.29729729890823364, 0.3753753900527954, 0.424424409866333, 0.46846845746040344, 0.5435435175895691, 0.597597599029541, 0.6046046018600464, 0.642642617225647, 0.6346346139907837, 0.6456456184387207, 0.6906906962394714, 0.6836836934089661, 0.6686686873435974, 0.7037037014961243, 0.706706702709198, 0.7127127051353455, 0.7217217087745667, 0.6806806921958923, 0.7547547817230225, 0.7437437176704407, 0.7537537813186646, 0.6916916966438293, 0.7447447180747986, 0.7502623200416565, 0.7557557821273804, 0.7417417168617249, 0.7757757902145386, 0.7697697877883911, 0.7267267107963562, 0.7467467188835144, 0.7847847938537598, 0.793793797492981, 0.7727727890014648, 0.7767767906188965, 0.7897897958755493, 0.7710970640182495, 0.7957957983016968, 0.7867867946624756, 0.7847847938537598, 0.8168168067932129, 0.8038038015365601, 0.8198198080062866, 0.8138138055801392, 0.8138138055801392, 0.8088088035583496, 0.7805907130241394, 0.8088088035583496, 0.8228228092193604, 0.8288288116455078, 0.8198198080062866, 0.8238238096237183, 0.8088088035583496, 0.8418418169021606, 0.8238238096237183, 0.8288288116455078, 0.8598598837852478, 0.7957957983016968, 0.8188188076019287, 0.8278278112411499, 0.8288288116455078, 0.8638638854026794, 0.8598598837852478, 0.8468468189239502, 0.8418418169021606, 0.8618618845939636, 0.8538538813591003, 0.8408408164978027, 0.8508508801460266, 0.8608608841896057, 0.8598598837852478, 0.8498498201370239, 0.8518518805503845, 0.8648648858070374, 0.8758758902549744, 0.8598598837852478, 0.8548548817634583, 0.8668668866157532, 0.8618618845939636, 0.8838838934898376, 0.879879891872406, 0.8598598837852478, 0.8698698878288269, 0.8818818926811218, 0.879879891872406, 0.8818818926811218, 0.8928928971290588, 0.879879891872406, 0.868868887424469, 0.879879891872406, 0.8808808922767639, 0.8828828930854797, 0.8848848938941956, 0.8838838934898376, 0.8978978991508484, 0.8728728890419006, 0.9009009003639221, 0.8458458185195923, 0.8878878951072693, 0.8938938975334167, 0.8778778910636902, 0.9099099040031433, 0.8648648858070374, 0.9104477763175964, 0.9079079031944275, 0.9069069027900696, 0.9179179072380066, 0.90190190076828, 0.8788788914680481, 0.9109109044075012, 0.8928928971290588, 0.9039039015769958, 0.918749988079071, 0.9069069027900696, 0.9149149060249329, 0.8988988995552063, 0.8978978991508484, 0.9329329133033752, 0.9219219088554382, 0.9049049019813538, 0.9209209084510803, 0.9179179072380066, 0.9069069027900696], "val_loss": [1.5059744119644165, 1.3599933385849, 1.184564471244812, 1.1844671964645386, 1.0075091123580933, 0.8974416255950928, 0.8916175961494446, 0.8335123658180237, 0.7545354962348938, 0.8312811255455017, 0.7478054165840149, 0.7402698397636414, 0.8092873096466064, 0.7846523523330688, 0.6723586320877075, 0.6991666555404663, 0.6761178374290466, 0.6856564879417419, 0.6261945366859436, 0.6434623003005981, 0.692401647567749, 0.6740070581436157, 0.7547773718833923, 0.7081777453422546, 0.670199453830719, 0.7858309149742126, 0.639930248260498, 0.6584460735321045, 0.6363904476165771, 0.6937843561172485, 0.5793492794036865, 0.6316755414009094, 0.7160374522209167, 0.668948233127594, 0.6357265710830688, 0.615865170955658, 0.6158909201622009, 0.645039975643158, 0.6534010171890259, 0.5880430340766907, 0.5838256478309631, 0.5983330011367798, 0.6086438894271851, 0.6730529069900513, 0.6027618646621704, 0.5861403346061707, 0.6365575194358826, 0.6570339798927307, 0.6268078088760376, 0.5675105452537537, 0.6019336581230164, 0.7299339771270752, 0.6485301852226257, 0.5855379700660706, 0.5896885395050049, 0.6208994388580322, 0.7206935286521912, 0.6353195905685425, 0.6675137281417847, 0.5390987992286682, 0.5852403044700623, 0.5680449604988098, 0.6051927804946899, 0.5762437582015991, 0.6223018169403076, 0.6119430661201477, 0.6207579374313354, 0.6210829615592957, 0.5883377194404602, 0.5667224526405334, 0.6405715942382812, 0.6125670075416565, 0.47117337584495544, 0.6058322787284851, 0.5430375933647156, 0.5988157987594604, 0.5052391886711121, 0.5544646382331848, 0.5820499062538147, 0.5572142004966736, 0.56285160779953, 0.504498302936554, 0.6031121611595154, 0.5286747813224792, 0.7226756811141968, 0.5477368831634521, 0.5827144980430603, 0.5397800207138062, 0.5913656949996948, 0.586012601852417, 0.5408888459205627, 0.5031137466430664, 0.5281158685684204, 0.5084764361381531, 0.5452910661697388, 0.5782486200332642, 0.560312032699585, 0.4866184592247009, 0.6208400130271912, 0.5546169877052307, 0.5478150248527527, 0.5394365191459656, 0.6061303019523621, 0.5526093244552612, 0.5629166960716248, 0.5448762774467468, 0.537127673625946, 0.5431097149848938, 0.5752260088920593, 0.4949356019496918, 0.7042921185493469, 0.5152361989021301, 0.5624843239784241, 0.5577273368835449, 0.7503086924552917, 0.5443256497383118, 0.4915333688259125, 0.5062907338142395, 0.5710442066192627, 0.5815218687057495, 0.5512160658836365, 0.5309679508209229, 0.5942070484161377],